candidate_id,full_name,age,email,job_title
1,Bartlett McElwee,50,bmcelwee0@t.co,Financial Advisor
2,Giraud Scolts,29,gscolts1@youtube.com,Senior Sales Associate
3,Verene Halsted,36,vhalsted2@yandex.ru,Help Desk Technician
4,Leanora Grunson,37,lgrunson3@google.cn,Internal Auditor
5,Gwyneth MacGrath,22,gmacgrath4@ask.com,Pharmacist
6,Jonell Lawn,31,jlawn5@engadget.com,Social Worker
7,Carlina Perello,53,cperello6@biglobe.ne.jp,Compensation Analyst
8,Gavin Girdwood,27,ggirdwood7@histats.com,Editor
9,Siana MacMearty,24,smacmearty8@chron.com,Geologist IV
10,Faber Randales,34,frandales9@wsj.com,Food Chemist
11,Anneliese Priden,27,apridena@123-reg.co.uk,Engineer I
12,Christian Ramsier,66,cramsierb@usda.gov,Account Executive
13,Megan Saffe,70,msaffec@apache.org,Geologist I
14,Aindrea Baugh,44,abaughd@google.cn,Marketing Manager
15,Toddie Czajkowski,47,tczajkowskie@delicious.com,Data Coordinator
16,Cati Lomansey,72,clomanseyf@cpanel.net,Systems Administrator I
17,Husain Spurdle,63,hspurdleg@sun.com,Structural Analysis Engineer
18,Sela Reeson,39,sreesonh@weebly.com,Senior Financial Analyst
19,Kinsley Benley,77,kbenleyi@cnet.com,Nuclear Power Engineer
20,Nadiya Durak,40,ndurakj@digg.com,Associate Professor
21,Sonny Knappett,44,sknappettk@toplist.cz,Social Worker
22,Josias Scollard,62,jscollardl@rakuten.co.jp,Software Test Engineer I
23,Emmeline Hares,71,eharesm@tumblr.com,Senior Cost Accountant
24,Gib Garioch,50,ggariochn@cyberchimps.com,Financial Analyst
25,Crysta Melmar,26,cmelmaro@sakura.ne.jp,VP Marketing
26,Genevra Madgwich,34,gmadgwichp@myspace.com,Automation Specialist I
27,Brad Moyes,50,bmoyesq@networkadvertising.org,Business Systems Development Analyst
28,Sandy Sharrocks,46,ssharrocksr@purevolume.com,Developer II
29,Lil Rioch,21,lriochs@mapquest.com,VP Sales
30,Viva Chastel,46,vchastelt@stanford.edu,Web Developer III
31,Renie Siggery,51,rsiggeryu@umn.edu,Web Designer IV
32,Gunilla Gentiry,25,ggentiryv@apple.com,Financial Advisor
33,Dolli Arger,50,dargerw@phpbb.com,Automation Specialist IV
34,Abbe Probin,18,aprobinx@icq.com,Account Representative II
35,Prue Corneil,38,pcorneily@mail.ru,Food Chemist
36,Devora Lytle,32,dlytlez@cam.ac.uk,Nurse
37,Tabby Dabnot,36,tdabnot10@jimdo.com,Analog Circuit Design manager
38,Dora Goodison,66,dgoodison11@opera.com,Senior Sales Associate
39,Tammara Allington,62,tallington12@netvibes.com,VP Quality Control
40,Peggy Eighteen,40,peighteen13@hp.com,Pharmacist
41,Peta Berkelay,68,pberkelay14@adobe.com,VP Sales
42,Ly Kopelman,63,lkopelman15@privacy.gov.au,Biostatistician III
43,Arvin Crosi,42,acrosi16@sina.com.cn,VP Marketing
44,Jason Rao,24,jrao17@princeton.edu,Product Engineer
45,Maure Philipart,58,mphilipart18@nature.com,Human Resources Assistant III
46,Kathie Deware,51,kdeware19@barnesandnoble.com,Senior Quality Engineer
47,Rosalynd Dalston,49,rdalston1a@usgs.gov,Structural Engineer
48,Dore Fey,85,dfey1b@bloglines.com,Automation Specialist III
49,Adena Whoolehan,32,awhoolehan1c@netscape.com,Software Consultant
50,Cody Tubridy,84,ctubridy1d@epa.gov,Clinical Specialist
